Cruise,Station,gear_tow,Fish_num,FishFamily,FishSpecies,ID_confirmation,GeneticID,Flash_frozen,DissectionDate_MMDDYYYY,Photo_ID,SL_mm,FL_mm,TL_mm,Wt_g,TGW_g,EGW_g,Gut_MB,Gut_V.ID,SIA,FishBarcoding,Prey_Num,Spp_LowestTaxon,Obs_Length,Magnification,Actual_Length_mm,TotalNumPrey,TotalPrey_gut,Gut MorphID_date_MMDDYYYY,Swim_Bladder,Gonads,Gonad_wt(g),Sex,Gonad_preservative,Head,Comments,Comments_postDissection,Gut_comments,Prey_Comments
HB1907,2,MWT1,2,Myctophidae,Diaphus perspicillatus,Yes - visually PEC,NA,N,8/19/2019,7500,47,49,60,1.885,0.1244,NA,N,Y,Y,Y,NA,AmphipodDigested,NA,NA,NA,2,7,06/22/2020,DA,N,NA,?,NA,Y,NA,NA,NA,NA
HB1907,2,MWT1,2,Myctophidae,Diaphus perspicillatus,Yes - visually PEC,NA,N,8/19/2019,7500,47,49,60,1.885,0.1244,NA,N,Y,Y,Y,NA,CopepodDigested,NA,NA,NA,5,7,06/22/2020,DA,N,NA,?,NA,Y,NA,NA,NA,NA
HB1907,2,MWT1,3,Myctophidae,Diaphus perspicillatus,Yes - visually PEC,NA,N,8/19/2019,7501,40,41,51,1.1188,0.0909,NA,N,Y,Y,Y,NA,Candacia,NA,NA,NA,2,4,07/20/2020,DA,N,NA,?,NA,Y,NA,NA,gut black,NA
HB1907,2,MWT1,3,Myctophidae,Diaphus perspicillatus,Yes - visually PEC,NA,N,8/19/2019,7501,40,41,51,1.1188,0.0909,NA,N,Y,Y,Y,NA,Calanoid,NA,NA,NA,1,4,07/20/2020,DA,N,NA,?,NA,Y,NA,NA,gut black,NA
HB1907,2,MWT1,3,Myctophidae,Diaphus perspicillatus,Yes - visually PEC,NA,N,8/19/2019,7501,40,41,51,1.1188,0.0909,NA,N,Y,Y,Y,NA,Hyperiidea,NA,NA,NA,1,4,07/20/2020,DA,N,NA,?,NA,Y,NA,NA,gut black,NA
HB1907,2,MWT1,6,Myctophidae,Diaphus perspicillatus,Yes - visually PEC,NA,N,8/19/2019,7503,40,41,57,1.6656,0.0643,NA,N,Y,Y,Y,NA,Chaetognatha,NA,NA,NA,1,2,06/22/2020,DA,N,NA,?,NA,Y,"Maybe small amount of gonads found but not saved. Could be fat. Three parasites near gonad could be flat worms, iphone photo taken through scope.",NA,"gut very small, black",NA
HB1907,2,MWT1,6,Myctophidae,Diaphus perspicillatus,Yes - visually PEC,NA,N,8/19/2019,7503,40,41,57,1.6656,0.0643,NA,N,Y,Y,Y,NA,Euphausid,NA,NA,NA,1,2,06/22/2020,DA,N,NA,?,NA,Y,"Maybe small amount of gonads found but not saved. Could be fat. Three parasites near gonad could be flat worms, iphone photo taken through scope.",NA,"gut very small, black",NA
HB1907,2,MWT1,9,Myctophidae,Diaphus perspicillatus,Yes - DNA,Diaphus perspicillatus,N,8/19/2019,7508,36,37,43,0.9083,0.0664,NA,N,Y,Y,Y,NA,UnknownSoft,NA,NA,NA,1,4,06/23/2020,?,N,NA,?,NA,Y,NA,NA,NA,NA
HB1907,2,MWT1,9,Myctophidae,Diaphus perspicillatus,Yes - DNA,Diaphus perspicillatus,N,8/19/2019,7508,36,37,43,0.9083,0.0664,NA,N,Y,Y,Y,NA,Candacia,NA,NA,NA,1,4,06/23/2020,?,N,NA,?,NA,Y,NA,NA,NA,NA
HB1907,2,MWT1,9,Myctophidae,Diaphus perspicillatus,Yes - DNA,Diaphus perspicillatus,N,8/19/2019,7508,36,37,43,0.9083,0.0664,NA,N,Y,Y,Y,NA,Copepod,NA,NA,NA,1,4,06/23/2020,?,N,NA,?,NA,Y,NA,NA,NA,NA
HB1907,2,MWT1,9,Myctophidae,Diaphus perspicillatus,Yes - DNA,Diaphus perspicillatus,N,8/19/2019,7508,36,37,43,0.9083,0.0664,NA,N,Y,Y,Y,NA,AmphipodDigested,NA,NA,NA,1,4,06/23/2020,?,N,NA,?,NA,Y,NA,NA,NA,NA
HB1907,2,MWT1,10,Myctophidae,Diaphus perspicillatus,Yes - visually PEC,NA,N,8/19/2019,7509,42,NA,54,1.2008,0.0656,NA,N,Y,Y,Y,NA,CopepodDigested,NA,NA,NA,1,1,06/23/2020,?,N,NA,?,NA,Y,"Maybe small gonads found, but not saved, could be fat or very immature.",NA,small black gut,NA
HB1907,2,MWT1,11,Bathylagidae,Dolicholagus longirostris,Yes - DNA,Dolicholagus longirostris,N,8/19/2019,7510-11,64,NA,73,1.2945,0.1023,NA,N,Y,Y,Y,NA,AmphipodDigested,NA,NA,NA,2,2,06/22/2020,N,Y,0.0017,M?,F-W-E,Y,"From bag 26. Gonad speckled, doesn't really look like eggs. Gut damaged and leaking contents before dissection.",NA,"gut long and black, looks like white  speckled gonad strip along gut, black part of gut empty",NA
HB1907,2,MWT1,13,Myctophidae,Ceratoscopelus sp.,To genus Yes - visually PEC,NA,N,8/20/2019,7513,54,NA,67,1.5861,0.0878,NA,N,Y,Y,Y,NA,UnknownSoft,NA,NA,NA,1,3,07/20/2020,DA,N,NA,?,NA,Y,Very long caudal fin rays. Others likely slightly broken off near end. Possibly very small gonads but not saved.,NA,gut black,NA
HB1907,2,MWT1,13,Myctophidae,Ceratoscopelus sp.,To genus Yes - visually PEC,NA,N,8/20/2019,7513,54,NA,67,1.5861,0.0878,NA,N,Y,Y,Y,NA,Hyperiidea,NA,NA,NA,1,3,07/20/2020,DA,N,NA,?,NA,Y,Very long caudal fin rays. Others likely slightly broken off near end. Possibly very small gonads but not saved.,NA,gut black,NA
HB1907,2,MWT1,13,Myctophidae,Ceratoscopelus sp.,To genus Yes - visually PEC,NA,N,8/20/2019,7513,54,NA,67,1.5861,0.0878,NA,N,Y,Y,Y,NA,Calanoid,NA,NA,NA,1,3,07/20/2020,DA,N,NA,?,NA,Y,Very long caudal fin rays. Others likely slightly broken off near end. Possibly very small gonads but not saved.,NA,gut black,NA
HB1907,2,MWT1,14,Myctophidae,Ceratoscopelus sp.,To genus Yes - visually PEC,NA,N,8/20/2019,7514,60,NA,74,3.2349,0.2104,NA,N,Y,Y,Y,NA,Cavolinioidea,NA,NA,NA,1,12,07/19/2020,IA,Y,0.1025,F,F-W-E,Y,"Gonads large, swim baldder very small only visible under scope.",NA,gut black,NA
HB1907,2,MWT1,14,Myctophidae,Ceratoscopelus sp.,To genus Yes - visually PEC,NA,N,8/20/2019,7514,60,NA,74,3.2349,0.2104,NA,N,Y,Y,Y,NA,UnknownSoft,NA,NA,NA,9,12,07/19/2020,IA,Y,0.1025,F,F-W-E,Y,"Gonads large, swim baldder very small only visible under scope.",NA,gut black,NA
HB1907,2,MWT1,14,Myctophidae,Ceratoscopelus sp.,To genus Yes - visually PEC,NA,N,8/20/2019,7514,60,NA,74,3.2349,0.2104,NA,N,Y,Y,Y,NA,Pleuromamma,NA,NA,NA,1,12,07/19/2020,IA,Y,0.1025,F,F-W-E,Y,"Gonads large, swim baldder very small only visible under scope.",NA,gut black,NA
HB1907,2,MWT1,14,Myctophidae,Ceratoscopelus sp.,To genus Yes - visually PEC,NA,N,8/20/2019,7514,60,NA,74,3.2349,0.2104,NA,N,Y,Y,Y,NA,Hyperiidea,NA,NA,NA,NA,12,07/19/2020,IA,Y,0.1025,F,F-W-E,Y,"Gonads large, swim baldder very small only visible under scope.",NA,gut black,NA
HB1907,2,MWT1,15,Myctophidae,Ceratoscopelus sp.,To genus Yes - visually PEC,NA,N,8/20/2019,7515,46,NA,58,1.4774,0.1043,NA,N,Y,Y,Y,NA,Appendicularian,NA,NA,NA,3,6,06/22/2020,DA,Y,0.0018,Im F,F-W-E,Y,"Gonad saved but very small, maybe female.",NA,"foregut black, hindgtu white/clear; gen fish ID might be updated later",NA
HB1907,2,MWT1,15,Myctophidae,Ceratoscopelus sp.,To genus Yes - visually PEC,NA,N,8/20/2019,7515,46,NA,58,1.4774,0.1043,NA,N,Y,Y,Y,NA,Calanoid,NA,NA,NA,1,6,06/22/2020,DA,Y,0.0018,Im F,F-W-E,Y,"Gonad saved but very small, maybe female.",NA,"foregut black, hindgtu white/clear; gen fish ID might be updated later",NA
HB1907,2,MWT1,15,Myctophidae,Ceratoscopelus sp.,To genus Yes - visually PEC,NA,N,8/20/2019,7515,46,NA,58,1.4774,0.1043,NA,N,Y,Y,Y,NA,Mysis,NA,NA,NA,2,6,06/22/2020,DA,Y,0.0018,Im F,F-W-E,Y,"Gonad saved but very small, maybe female.",NA,"foregut black, hindgtu white/clear; gen fish ID might be updated later",NA
HB1907,2,MWT1,18,Myctophidae,Ceratoscopelus sp.,To genus Yes - visually PEC,NA,N,8/20/2019,7520-21,45,50,58,1.4001,0.0787,NA,N,Y,Y,Y,NA,Appendicularian,NA,NA,NA,1,4,07/20/2020,DA,N,NA,Im  ,NA,Y,"Some of the fish have white mark on dorsal side of tail, others like this one don't. (male vs female?).",NA,gut black,NA
HB1907,2,MWT1,18,Myctophidae,Ceratoscopelus sp.,To genus Yes - visually PEC,NA,N,8/20/2019,7520-21,45,50,58,1.4001,0.0787,NA,N,Y,Y,Y,NA,Pteropod,NA,NA,NA,1,4,07/20/2020,DA,N,NA,Im  ,NA,Y,"Some of the fish have white mark on dorsal side of tail, others like this one don't. (male vs female?).",NA,gut black,NA
HB1907,2,MWT1,18,Myctophidae,Ceratoscopelus sp.,To genus Yes - visually PEC,NA,N,8/20/2019,7520-21,45,50,58,1.4001,0.0787,NA,N,Y,Y,Y,NA,UnknownSoft,NA,NA,NA,1,4,07/20/2020,DA,N,NA,Im  ,NA,Y,"Some of the fish have white mark on dorsal side of tail, others like this one don't. (male vs female?).",NA,gut black,NA
HB1907,2,MWT1,18,Myctophidae,Ceratoscopelus sp.,To genus Yes - visually PEC,NA,N,8/20/2019,7520-21,45,50,58,1.4001,0.0787,NA,N,Y,Y,Y,NA,Euphausidacea,NA,NA,NA,1,4,07/20/2020,DA,N,NA,Im  ,NA,Y,"Some of the fish have white mark on dorsal side of tail, others like this one don't. (male vs female?).",NA,gut black,NA
HB1907,2,MWT1,20,Myctophidae,Ceratoscopelus sp.,To genus Yes - visually PEC,NA,N,8/20/2019,7523,46,NA,57,1.462,0.1107,NA,N,Y,Y,Y,NA,Appendicularian,NA,NA,NA,2,5,06/24/2020,N,Y,0.002,F,F-W-E,Y,No swim bladder visible.,NA,NA,NA
HB1907,2,MWT1,20,Myctophidae,Ceratoscopelus sp.,To genus Yes - visually PEC,NA,N,8/20/2019,7523,46,NA,57,1.462,0.1107,NA,N,Y,Y,Y,NA,UnknownSoft,NA,NA,NA,2,5,06/24/2020,N,Y,0.002,F,F-W-E,Y,No swim bladder visible.,NA,NA,NA
HB1907,2,MWT1,20,Myctophidae,Ceratoscopelus sp.,To genus Yes - visually PEC,NA,N,8/20/2019,7523,46,NA,57,1.462,0.1107,NA,N,Y,Y,Y,NA,Hyperiidea,NA,NA,NA,1,5,06/24/2020,N,Y,0.002,F,F-W-E,Y,No swim bladder visible.,NA,NA,NA
HB1907,2,MWT1,24,Myctophidae,Hygophum hygomii,Yes - visually PEC,NA,N,8/21/2019,7527,58,NA,71,4.0743,0.3498,NA,N,Y,Y,Y,NA,Calanoid,NA,NA,NA,3,14,07/15/2020,DA,Y,0.0104,?,F-W-E,Y,"These may actually be Hygophum, very small gonads, given size of fish (already spent?). Saved gonads. Bag 25.",NA,"but black, one speckled worm parasite, megalopa are probably graspoid or porturiid crabs",NA
HB1907,2,MWT1,24,Myctophidae,Hygophum hygomii,Yes - visually PEC,NA,N,8/21/2019,7527,58,NA,71,4.0743,0.3498,NA,N,Y,Y,Y,NA,Candacia,NA,NA,NA,1,14,07/15/2020,DA,Y,0.0104,?,F-W-E,Y,"These may actually be Hygophum, very small gonads, given size of fish (already spent?). Saved gonads. Bag 25.",NA,"but black, one speckled worm parasite, megalopa are probably graspoid or porturiid crabs",NA
HB1907,2,MWT1,24,Myctophidae,Hygophum hygomii,Yes - visually PEC,NA,N,8/21/2019,7527,58,NA,71,4.0743,0.3498,NA,N,Y,Y,Y,NA,Pleuromamma,NA,NA,NA,NA,14,07/15/2020,DA,Y,0.0104,?,F-W-E,Y,"These may actually be Hygophum, very small gonads, given size of fish (already spent?). Saved gonads. Bag 25.",NA,"but black, one speckled worm parasite, megalopa are probably graspoid or porturiid crabs",NA
HB1907,2,MWT1,24,Myctophidae,Hygophum hygomii,Yes - visually PEC,NA,N,8/21/2019,7527,58,NA,71,4.0743,0.3498,NA,N,Y,Y,Y,NA,Euphausidacea,NA,NA,NA,2,14,07/15/2020,DA,Y,0.0104,?,F-W-E,Y,"These may actually be Hygophum, very small gonads, given size of fish (already spent?). Saved gonads. Bag 25.",NA,"but black, one speckled worm parasite, megalopa are probably graspoid or porturiid crabs",NA
HB1907,2,MWT1,24,Myctophidae,Hygophum hygomii,Yes - visually PEC,NA,N,8/21/2019,7527,58,NA,71,4.0743,0.3498,NA,N,Y,Y,Y,NA,CrabMegalopa,NA,NA,NA,NA,14,07/15/2020,DA,Y,0.0104,?,F-W-E,Y,"These may actually be Hygophum, very small gonads, given size of fish (already spent?). Saved gonads. Bag 25.",NA,"but black, one speckled worm parasite, megalopa are probably graspoid or porturiid crabs",NA
HB1907,2,MWT1,24,Myctophidae,Hygophum hygomii,Yes - visually PEC,NA,N,8/21/2019,7527,58,NA,71,4.0743,0.3498,NA,N,Y,Y,Y,NA,CopepodDigested,NA,NA,NA,1,14,07/15/2020,DA,Y,0.0104,?,F-W-E,Y,"These may actually be Hygophum, very small gonads, given size of fish (already spent?). Saved gonads. Bag 25.",NA,"but black, one speckled worm parasite, megalopa are probably graspoid or porturiid crabs",NA
HB1907,2,MWT1,24,Myctophidae,Hygophum hygomii,Yes - visually PEC,NA,N,8/21/2019,7527,58,NA,71,4.0743,0.3498,NA,N,Y,Y,Y,NA,Hyperiidea,NA,NA,NA,1,14,07/15/2020,DA,Y,0.0104,?,F-W-E,Y,"These may actually be Hygophum, very small gonads, given size of fish (already spent?). Saved gonads. Bag 25.",NA,"but black, one speckled worm parasite, megalopa are probably graspoid or porturiid crabs",NA
HB1907,2,MWT1,26,Myctophidae,Hygophum hygomii,Yes - visually PEC,NA,N,8/21/2019,7530,48,NA,61,2.0262,0.1004,NA,N,Y,Y,Y,NA,Candacia,NA,NA,NA,1,2,07/15/2020,DA,Y,0.0052,Im?,F-W-E,Y,See hard copy for notes on gonads,NA,"gut black, almost empty, highly digested",NA
HB1907,2,MWT1,26,Myctophidae,Hygophum hygomii,Yes - visually PEC,NA,N,8/21/2019,7530,48,NA,61,2.0262,0.1004,NA,N,Y,Y,Y,NA,CopepodDigested,NA,NA,NA,1,2,07/15/2020,DA,Y,0.0052,Im?,F-W-E,Y,See hard copy for notes on gonads,NA,"gut black, almost empty, highly digested",NA
HB1907,2,MWT1,28,Myctophidae,Hygophum hygomii,Yes - visually PEC,NA,N,8/21/2019,7532,46,NA,56,1.9401,0.0789,NA,N,Y,Y,Y,NA,Candacia,NA,NA,NA,2,2,07/15/2020,DA,Y,0.0042,Im?,F-W-E,Y,NA,NA,gut black,NA
HB1907,2,MWT1,30,Myctophidae,Hygophum hygomii,Yes - visually PEC,NA,N,8/26/2019,7534,50,NA,63,2.246,0.1135,NA,N,Y,Y,Y,NA,Candacia,NA,NA,NA,3,3,07/13/2020,DA,Y,0.0069,?,F-W-E,Y,See hard copy for notes on gonads,NA,"gut black, prey highly digested, cephalosomes counted",NA
HB1907,2,MWT1,32,Myctophidae,Hygophum hygomii,Yes - visually PEC,NA,N,8/26/2019,7536,49,NA,60,2.598,0.1276,NA,N,Y,Y,Y,NA,Calanoid,NA,NA,NA,3,13,07/13/2020,DA,N,NA,?,NA,Y,NA,NA,Gut black,NA
HB1907,2,MWT1,32,Myctophidae,Hygophum hygomii,Yes - visually PEC,NA,N,8/26/2019,7536,49,NA,60,2.598,0.1276,NA,N,Y,Y,Y,NA,Candacia,NA,NA,NA,2,13,07/13/2020,DA,N,NA,?,NA,Y,NA,NA,Gut black,NA
HB1907,2,MWT1,32,Myctophidae,Hygophum hygomii,Yes - visually PEC,NA,N,8/26/2019,7536,49,NA,60,2.598,0.1276,NA,N,Y,Y,Y,NA,Sapphirina,NA,NA,NA,1,13,07/13/2020,DA,N,NA,?,NA,Y,NA,NA,Gut black,NA
HB1907,2,MWT1,32,Myctophidae,Hygophum hygomii,Yes - visually PEC,NA,N,8/26/2019,7536,49,NA,60,2.598,0.1276,NA,N,Y,Y,Y,NA,CopepodDigested,NA,NA,NA,7,13,07/13/2020,DA,N,NA,?,NA,Y,NA,NA,Gut black,NA
HB1907,2,MWT1,34,Myctophidae,Notoscopelus sp.,To genus Yes - visually PEC,NA,N,8/26/2019,7538,44,NA,57,0.9948,0.0461,NA,N,Y,Y,Y,NA,CopepodDigested,NA,NA,NA,1,1,07/19/2020,IA,Y,0.0057,F,F-W-E,Y,See hard copy for notes on gonads,NA,"gut black, v small",NA
HB1907,2,MWT1,36,Myctophidae,Notoscopelus sp.,To genus Yes - visually PEC,NA,N,8/26/2019,7540,48,NA,62,1.3863,0.0715,NA,N,Y,Y,Y,NA,Chaetognatha,NA,NA,NA,2,14,06/24/2020,IA,N,NA,?,NA,Y,NA,"possibly male, thin section of what could be gonad found along gut- not removed- SG",gut black,NA
HB1907,2,MWT1,36,Myctophidae,Notoscopelus sp.,To genus Yes - visually PEC,NA,N,8/26/2019,7540,48,NA,62,1.3863,0.0715,NA,N,Y,Y,Y,NA,Calanoid,NA,NA,NA,5,14,06/24/2020,IA,N,NA,?,NA,Y,NA,"possibly male, thin section of what could be gonad found along gut- not removed- SG",gut black,NA
HB1907,2,MWT1,36,Myctophidae,Notoscopelus sp.,To genus Yes - visually PEC,NA,N,8/26/2019,7540,48,NA,62,1.3863,0.0715,NA,N,Y,Y,Y,NA,Pleuromamma,NA,NA,NA,2,14,06/24/2020,IA,N,NA,?,NA,Y,NA,"possibly male, thin section of what could be gonad found along gut- not removed- SG",gut black,NA
HB1907,2,MWT1,36,Myctophidae,Notoscopelus sp.,To genus Yes - visually PEC,NA,N,8/26/2019,7540,48,NA,62,1.3863,0.0715,NA,N,Y,Y,Y,NA,Rhincalanus,NA,NA,NA,1,14,06/24/2020,IA,N,NA,?,NA,Y,NA,"possibly male, thin section of what could be gonad found along gut- not removed- SG",gut black,NA
HB1907,2,MWT1,36,Myctophidae,Notoscopelus sp.,To genus Yes - visually PEC,NA,N,8/26/2019,7540,48,NA,62,1.3863,0.0715,NA,N,Y,Y,Y,NA,Euphausidacea,NA,NA,NA,1,14,06/24/2020,IA,N,NA,?,NA,Y,NA,"possibly male, thin section of what could be gonad found along gut- not removed- SG",gut black,NA
HB1907,2,MWT1,36,Myctophidae,Notoscopelus sp.,To genus Yes - visually PEC,NA,N,8/26/2019,7540,48,NA,62,1.3863,0.0715,NA,N,Y,Y,Y,NA,Hyperiidea,NA,NA,NA,2,14,06/24/2020,IA,N,NA,?,NA,Y,NA,"possibly male, thin section of what could be gonad found along gut- not removed- SG",gut black,NA
HB1907,2,MWT1,36,Myctophidae,Notoscopelus sp.,To genus Yes - visually PEC,NA,N,8/26/2019,7540,48,NA,62,1.3863,0.0715,NA,N,Y,Y,Y,NA,Megacalanus,NA,NA,NA,1,14,06/24/2020,IA,N,NA,?,NA,Y,NA,"possibly male, thin section of what could be gonad found along gut- not removed- SG",gut black,NA
HB1907,2,MWT1,38,Myctophidae,Notoscopelus sp.,To genus Yes - visually PEC,NA,N,8/26/2019,7542,41,NA,53,0.9229,0.0563,NA,N,Y,Y,Y,NA,Calanoid,NA,NA,NA,1,7,07/14/2020,IA,N,NA,?,NA,Y,See hard copy for notes on gonads,NA,gut black,NA
HB1907,2,MWT1,38,Myctophidae,Notoscopelus sp.,To genus Yes - visually PEC,NA,N,8/26/2019,7542,41,NA,53,0.9229,0.0563,NA,N,Y,Y,Y,NA,CopepodDigested,NA,NA,NA,4,7,07/14/2020,IA,N,NA,?,NA,Y,See hard copy for notes on gonads,NA,gut black,NA
HB1907,2,MWT1,38,Myctophidae,Notoscopelus sp.,To genus Yes - visually PEC,NA,N,8/26/2019,7542,41,NA,53,0.9229,0.0563,NA,N,Y,Y,Y,NA,Corycaeidae,NA,NA,NA,1,7,07/14/2020,IA,N,NA,?,NA,Y,See hard copy for notes on gonads,NA,gut black,NA
HB1907,2,MWT1,38,Myctophidae,Notoscopelus sp.,To genus Yes - visually PEC,NA,N,8/26/2019,7542,41,NA,53,0.9229,0.0563,NA,N,Y,Y,Y,NA,Decopod,NA,NA,NA,1,7,07/14/2020,IA,N,NA,?,NA,Y,See hard copy for notes on gonads,NA,gut black,NA
HB1907,2,MWT1,40,Myctophidae,Notoscopelus sp.,To genus Yes - visually PEC,NA,N,8/27/2019,7544,51,NA,64,1.2967,0.0464,NA,N,Y,Y,Y,NA,CopepodDigested,NA,NA,NA,1,1,06/24/2020,DA,Y,0.0311,F,F-W-E,Y,See hard copy for notes on gonads,NA,gut black,NA
HB1907,2,MWT1,42,Myctophidae,Notoscopelus sp.,To genus Yes - visually PEC,NA,N,8/27/2019,7546,45,NA,55,0.8375,0.0568,NA,N,Y,Y,Y,NA,Euphausidacea,NA,NA,NA,1,3,06/24/2020,IA,Y,0.0166,F,F-W-E,Y,NA,NA,gut black,NA
HB1907,2,MWT1,42,Myctophidae,Notoscopelus sp.,To genus Yes - visually PEC,NA,N,8/27/2019,7546,45,NA,55,0.8375,0.0568,NA,N,Y,Y,Y,NA,Candacia,NA,NA,NA,2,3,06/24/2020,IA,Y,0.0166,F,F-W-E,Y,NA,NA,gut black,NA
HB1907,2,MWT4,49,Sternoptychidae,Argyropelecus aculeatus,Yes - visually PEC,NA,Y,8/27/2019,7557,44,NA,58,3.7439,0.4382,NA,N,Y,Y,Y,NA,Pteropod,NA,NA,NA,3,11,07/09/2020,?,Y,0.0273,F?,F-W-E,Y,NA,NA,"gut black at opening then white, v full.",NA
HB1907,2,MWT4,49,Sternoptychidae,Argyropelecus aculeatus,Yes - visually PEC,NA,Y,8/27/2019,7557,44,NA,58,3.7439,0.4382,NA,N,Y,Y,Y,NA,Calanoid,NA,NA,NA,1,11,07/09/2020,?,Y,0.0273,F?,F-W-E,Y,NA,NA,"gut black at opening then white, v full.",NA
HB1907,2,MWT4,49,Sternoptychidae,Argyropelecus aculeatus,Yes - visually PEC,NA,Y,8/27/2019,7557,44,NA,58,3.7439,0.4382,NA,N,Y,Y,Y,NA,Cavolinioidea,NA,NA,NA,1,11,07/09/2020,?,Y,0.0273,F?,F-W-E,Y,NA,NA,"gut black at opening then white, v full.",NA
HB1907,2,MWT4,49,Sternoptychidae,Argyropelecus aculeatus,Yes - visually PEC,NA,Y,8/27/2019,7557,44,NA,58,3.7439,0.4382,NA,N,Y,Y,Y,NA,CopepodDigested,NA,NA,NA,1,11,07/09/2020,?,Y,0.0273,F?,F-W-E,Y,NA,NA,"gut black at opening then white, v full.",NA
HB1907,2,MWT4,49,Sternoptychidae,Argyropelecus aculeatus,Yes - visually PEC,NA,Y,8/27/2019,7557,44,NA,58,3.7439,0.4382,NA,N,Y,Y,Y,NA,Hyperiidea,NA,NA,NA,2,11,07/09/2020,?,Y,0.0273,F?,F-W-E,Y,NA,NA,"gut black at opening then white, v full.",NA
HB1907,2,MWT4,49,Sternoptychidae,Argyropelecus aculeatus,Yes - visually PEC,NA,Y,8/27/2019,7557,44,NA,58,3.7439,0.4382,NA,N,Y,Y,Y,NA,Euphausidacea,NA,NA,NA,1,11,07/09/2020,?,Y,0.0273,F?,F-W-E,Y,NA,NA,"gut black at opening then white, v full.",NA
HB1907,2,MWT4,49,Sternoptychidae,Argyropelecus aculeatus,Yes - visually PEC,NA,Y,8/27/2019,7557,44,NA,58,3.7439,0.4382,NA,N,Y,Y,Y,NA,Decopod,NA,NA,NA,2,11,07/09/2020,?,Y,0.0273,F?,F-W-E,Y,NA,NA,"gut black at opening then white, v full.",NA
HB1907,2,MWT4,50,Sternoptychidae,Argyropelecus aculeatus,Yes - visually PEC,NA,Y,8/28/2019,7558,37,NA,48,2.2319,0.272,NA,N,Y,Y,Y,NA,Euphausidacea,NA,NA,NA,3,5,07/20/2020,?,Y,0.008,F?,F-W-E,Y,Immature female? Could only find one lobe of gonad. Haven't found swimbladders in these hatchets yet.,NA,"foregut sphincter black, quickly fades into white, appears v full, copepod parasite, v small and red",NA
HB1907,2,MWT4,50,Sternoptychidae,Argyropelecus aculeatus,Yes - visually PEC,NA,Y,8/28/2019,7558,37,NA,48,2.2319,0.272,NA,N,Y,Y,Y,NA,Hyperiidea,NA,NA,NA,2,5,07/20/2020,?,Y,0.008,F?,F-W-E,Y,Immature female? Could only find one lobe of gonad. Haven't found swimbladders in these hatchets yet.,NA,"foregut sphincter black, quickly fades into white, appears v full, copepod parasite, v small and red",NA
HB1907,2,MWT5,51,Gonostomatidae,Sigmops elongatus,Yes - visually PEC,NA,Y,8/28/2019,7559,151,NA,172,11.4235,0.4252,NA,N,Y,Y,Y,NA,UnknownSoft,NA,NA,NA,4,6,06/23/2020,NA,Y,0.0477,M,F-W-E,Y,"Body and jaw damaged, gut split in half, all parts saved in etoh.",NA,"gut broken open during dissetion, gut black, phychii clear/white",NA
HB1907,2,MWT5,51,Gonostomatidae,Sigmops elongatus,Yes - visually PEC,NA,Y,8/28/2019,7559,151,NA,172,11.4235,0.4252,NA,N,Y,Y,Y,NA,Euphausidacea,NA,NA,NA,2,6,06/23/2020,NA,Y,0.0477,M,F-W-E,Y,"Body and jaw damaged, gut split in half, all parts saved in etoh.",NA,"gut broken open during dissetion, gut black, phychii clear/white",NA
HB1907,2,MWT5,53,Gonostomatidae,Sigmops elongatus,Yes - visually PEC,NA,Y,8/28/2019,7561-62,190,NA,200,25.9601,0.7442,NA,N,Y,Y,Y,NA,Euphausidacea,NA,NA,NA,4,4,07/19/2020,NA,Y,0.0348,F,F-W-E,Y,NA,NA,Gut black,head only
HB1907,2,MWT5,55,Paralepididae,Arctozenus risso,Yes - visually PEC,NA,Y,8/28/2019,7564,85,NA,89,0.6826,0.0222,NA,N,Y,Y,Y,NA,HyperiidDigested,NA,NA,NA,1,1,06/24/2020,NA,N,NA,?,NA,Y,NA,NA,GUT NOT black,NA
HB1907,2,MWT5,56,Paralepididae,Arctozenus risso,Yes - visually PEC,NA,Y,8/28/2019,7565,103,NA,109,1.22,0.0344,NA,N,Y,Y,Y,NA,AmphipodDigested,NA,NA,NA,1,1,06/24/2020,NA,N,NA,?,NA,Y,NA,NA,gut NOT black,NA
HB1907,2,MWT5,59,Myctophidae,Hygophum hygomii,Yes - visually PEC,NA,Y,8/29/2019,7568,52,57,65,2.6433,0.145,NA,N,Y,Y,Y,NA,Candacia,NA,NA,NA,1,17,06/23/2020,?,N,NA,?,NA,Y,NA,NA,"a lot of remains, obviopus copepod remains most numerous. ",NA
HB1907,2,MWT5,59,Myctophidae,Hygophum hygomii,Yes - visually PEC,NA,Y,8/29/2019,7568,52,57,65,2.6433,0.145,NA,N,Y,Y,Y,NA,Scolecithricidae,NA,NA,NA,1,17,06/23/2020,?,N,NA,?,NA,Y,NA,NA,"a lot of remains, obviopus copepod remains most numerous. ",NA
HB1907,2,MWT5,59,Myctophidae,Hygophum hygomii,Yes - visually PEC,NA,Y,8/29/2019,7568,52,57,65,2.6433,0.145,NA,N,Y,Y,Y,NA,Calanoid,NA,NA,NA,15,17,06/23/2020,?,N,NA,?,NA,Y,NA,NA,"a lot of remains, obviopus copepod remains most numerous. ",NA
HB1907,2,MWT5,61,Myctophidae,Ceratoscopelus warmingii,Yes - DNA,Ceratoscopelus warmingii,Y,8/29/2019,7570,59,NA,77,3.2378,0.1718,NA,N,Y,Y,Y,NA,UnknownSoft,NA,NA,NA,1,6,06/23/2020,DA,Y,0.0559,F,F-W-E,Y,NA,NA,Jar says myctophidae and genus spp is C. warmingii,NA
HB1907,2,MWT5,61,Myctophidae,Ceratoscopelus warmingii,Yes - DNA,Ceratoscopelus warmingii,Y,8/29/2019,7570,59,NA,77,3.2378,0.1718,NA,N,Y,Y,Y,NA,Euphausidacea,NA,NA,NA,1,6,06/23/2020,DA,Y,0.0559,F,F-W-E,Y,NA,NA,Jar says myctophidae and genus spp is C. warmingii,NA
HB1907,2,MWT5,61,Myctophidae,Ceratoscopelus warmingii,Yes - DNA,Ceratoscopelus warmingii,Y,8/29/2019,7570,59,NA,77,3.2378,0.1718,NA,N,Y,Y,Y,NA,CopepodDigested,NA,NA,NA,1,6,06/23/2020,DA,Y,0.0559,F,F-W-E,Y,NA,NA,Jar says myctophidae and genus spp is C. warmingii,NA
HB1907,2,MWT5,63,Myctophidae,Ceratoscopelus warmingii,Yes - visually PEC,NA,Y,8/29/2019,7573-74,60,NA,77,3.5637,0.199,NA,N,Y,Y,Y,NA,Pleuromamma,NA,NA,NA,1,11,06/23/2020,DA,Y,0.1429,F,F-W-E,Y,eggs looks like could be well developed.,NA,"gut vial reads ""myctophidae""",NA
HB1907,2,MWT5,63,Myctophidae,Ceratoscopelus warmingii,Yes - visually PEC,NA,Y,8/29/2019,7573-74,60,NA,77,3.5637,0.199,NA,N,Y,Y,Y,NA,UnknownSoft,NA,NA,NA,2,11,06/23/2020,DA,Y,0.1429,F,F-W-E,Y,eggs looks like could be well developed.,NA,"gut vial reads ""myctophidae""",NA
HB1907,2,MWT5,63,Myctophidae,Ceratoscopelus warmingii,Yes - visually PEC,NA,Y,8/29/2019,7573-74,60,NA,77,3.5637,0.199,NA,N,Y,Y,Y,NA,Copepod,NA,NA,NA,2,11,06/23/2020,DA,Y,0.1429,F,F-W-E,Y,eggs looks like could be well developed.,NA,"gut vial reads ""myctophidae""",NA
HB1907,2,MWT5,63,Myctophidae,Ceratoscopelus warmingii,Yes - visually PEC,NA,Y,8/29/2019,7573-74,60,NA,77,3.5637,0.199,NA,N,Y,Y,Y,NA,Appendicularian,NA,NA,NA,2,11,06/23/2020,DA,Y,0.1429,F,F-W-E,Y,eggs looks like could be well developed.,NA,"gut vial reads ""myctophidae""",NA
HB1907,2,MWT5,63,Myctophidae,Ceratoscopelus warmingii,Yes - visually PEC,NA,Y,8/29/2019,7573-74,60,NA,77,3.5637,0.199,NA,N,Y,Y,Y,NA,Hyperiidea,NA,NA,NA,1,11,06/23/2020,DA,Y,0.1429,F,F-W-E,Y,eggs looks like could be well developed.,NA,"gut vial reads ""myctophidae""",NA
HB1907,2,MWT5,63,Myctophidae,Ceratoscopelus warmingii,Yes - visually PEC,NA,Y,8/29/2019,7573-74,60,NA,77,3.5637,0.199,NA,N,Y,Y,Y,NA,Amphipod,NA,NA,NA,1,11,06/23/2020,DA,Y,0.1429,F,F-W-E,Y,eggs looks like could be well developed.,NA,"gut vial reads ""myctophidae""",NA
HB1907,2,MWT5,63,Myctophidae,Ceratoscopelus warmingii,Yes - visually PEC,NA,Y,8/29/2019,7573-74,60,NA,77,3.5637,0.199,NA,N,Y,Y,Y,NA,Crustacean,NA,NA,NA,1,11,06/23/2020,DA,Y,0.1429,F,F-W-E,Y,eggs looks like could be well developed.,NA,"gut vial reads ""myctophidae""",NA
HB1907,2,MWT5,63,Myctophidae,Ceratoscopelus warmingii,Yes - visually PEC,NA,Y,8/29/2019,7573-74,60,NA,77,3.5637,0.199,NA,N,Y,Y,Y,NA,Pteropod,NA,NA,NA,1,11,06/23/2020,DA,Y,0.1429,F,F-W-E,Y,eggs looks like could be well developed.,NA,"gut vial reads ""myctophidae""",NA
HB1907,2,MWT5,65,Myctophidae,Nannobrachium atrum,Yes - visually PEC,NA,Y,8/29/2019,7576,108,NA,137,8.7307,0.2791,NA,N,Y,Y,Y,NA,Euphausidacea,NA,NA,NA,2,2,06/24/2020,N,Y,0.0445,F,F-W-E,Y,NA,NA,"gut broken in half, black, speckled tissue between fingers of pyloric secchi",NA
HB1907,2,MWT5,66,Myctophidae,Nannobrachium atrum,Yes - visually PEC,NA,Y,8/29/2019,7577,117,NA,136,12.0711,0.3607,NA,N,Y,Y,Y,NA,Euphausidacea,NA,NA,NA,3,3,07/19/2020,N,Y,0.1552,F,F-W-E,Y,body near gut is damaged.,changed internal label to match DNA N atrum,gut black,NA
HB1907,2,MWT6,67,Sternoptychidae,Argyropelecus aculeatus,Yes - visually PEC,NA,Y,8/30/2019,7578,50,NA,56,5.3897,0.6488,NA,N,Y,Y,Y,NA,UnknownSoft,NA,NA,NA,3,11,07/20/2020,?,Y,0.0878,F,F-W-E,Y,NA,NA,"gut black, items 9 and 11 are different genus of hyperiidea",NA
HB1907,2,MWT6,67,Sternoptychidae,Argyropelecus aculeatus,Yes - visually PEC,NA,Y,8/30/2019,7578,50,NA,56,5.3897,0.6488,NA,N,Y,Y,Y,NA,Euphausidacea,4.9,0.8,6.125,5,11,07/20/2020,?,Y,0.0878,F,F-W-E,Y,NA,NA,"gut black, items 9 and 11 are different genus of hyperiidea",NA
HB1907,2,MWT6,67,Sternoptychidae,Argyropelecus aculeatus,Yes - visually PEC,NA,Y,8/30/2019,7578,50,NA,56,5.3897,0.6488,NA,N,Y,Y,Y,NA,Cavolinioidea,NA,NA,NA,1,11,07/20/2020,?,Y,0.0878,F,F-W-E,Y,NA,NA,"gut black, items 9 and 11 are different genus of hyperiidea",NA
HB1907,2,MWT6,67,Sternoptychidae,Argyropelecus aculeatus,Yes - visually PEC,NA,Y,8/30/2019,7578,50,NA,56,5.3897,0.6488,NA,N,Y,Y,Y,NA,Hyperiidea,NA,NA,NA,2,11,07/20/2020,?,Y,0.0878,F,F-W-E,Y,NA,NA,"gut black, items 9 and 11 are different genus of hyperiidea",NA
HB1907,2,MWT6,69,Myctophidae,Ceratoscopelus warmingii,Yes - visually PEC,NA,Y,8/30/2019,7580-81,57,NA,63,2.3719,0.1131,NA,N,Y,Y,Y,NA,CopepodDigested,NA,NA,NA,7,8,07/08/2020,?,Y,0.0863,F,F-W-E,Y,only dissected the largest myctophid in this packet,NA,"gut black, all prey highly digested, 2 worm parasits found on gut",NA
HB1907,2,MWT6,69,Myctophidae,Ceratoscopelus warmingii,Yes - visually PEC,NA,Y,8/30/2019,7580-81,57,NA,63,2.3719,0.1131,NA,N,Y,Y,Y,NA,Candacia,NA,NA,NA,1,8,07/08/2020,?,Y,0.0863,F,F-W-E,Y,only dissected the largest myctophid in this packet,NA,"gut black, all prey highly digested, 2 worm parasits found on gut",NA
HB1907,2,MWT6,70,Serrivomeridae,Serrivomer beanii,Yes - visually PEC,NA,Y,8/30/2019,7582,?,NA,600,47.6363,1.2415,NA,N,Y,Y,Y,NA,Empty,NA,NA,NA,0,0,06/22/2020,?,? side note,NA,?,NA,Y,NA,NA,female gonads attached to gut. sarah's Android 20200622_132056. gut open/leaking upon removal from the vial.  gut black,NA
HB1907,2,MWT6,71,Stomiidae,Chauliodus sloani,Yes - visually PEC,NA,Y,8/30/2019,7583,226,NA,246,39.0943,1.1164,NA,N,Y,Y,Y,NA,Empty,NA,NA,NA,0,0,07/10/2020,N,Y,NA,M?,F-W-E,Y,Missing some gonads so didn't weigh.,"2 parasite worms outside of gut, gut white","gut white, broken into several pieces",NA
HB1907,3,MWT10,94,Sternoptychidae,Argyropelecus aculeatus,Yes - visually PEC,NA,Y,10/1/2019,7660,61,68,77,8.8561,0.953,NA,N,Y,Y,Y,NA,Limacinoidea,NA,NA,NA,21,24,07/08/2020,fairly sure no,Y,0.4761,F,F-W-E,Y,Ripe gonads.  ,NA,"gut white, internal label added, fatty tissue around gut, claws possibly from shrimp or hyperiid in gut. ",NA
HB1907,3,MWT10,94,Sternoptychidae,Argyropelecus aculeatus,Yes - visually PEC,NA,Y,10/1/2019,7660,61,68,77,8.8561,0.953,NA,N,Y,Y,Y,NA,Cavolinioidea,NA,NA,NA,2,24,07/08/2020,fairly sure no,Y,0.4761,F,F-W-E,Y,Ripe gonads.  ,NA,"gut white, internal label added, fatty tissue around gut, claws possibly from shrimp or hyperiid in gut. ",NA
HB1907,3,MWT10,94,Sternoptychidae,Argyropelecus aculeatus,Yes - visually PEC,NA,Y,10/1/2019,7660,61,68,77,8.8561,0.953,NA,N,Y,Y,Y,NA,Hyperiidea,NA,NA,NA,1,24,07/08/2020,fairly sure no,Y,0.4761,F,F-W-E,Y,Ripe gonads.  ,NA,"gut white, internal label added, fatty tissue around gut, claws possibly from shrimp or hyperiid in gut. ",NA
HB1907,3,MWT10,96,Gonostomatidae,Sigmops elongatus,Yes - visually PEC,NA,Y,10/1/2019,7662,228,NA,NA,51.3737,2.515,NA,N,Y,Y,Y,NA,Empty,NA,NA,NA,0,0,07/15/2020,NA,Y,0.5052,F,E,Y,"Not sure if what is saved are gonads, as mushy when thawed.","fairly large section of body? and some bones included in gut vial. hard tro tell what may be intestine or gonday, solid structures saved for LL. 90% sure female, 1 parasite roundworm- SG",gut black,NA
HB1907,3,MWT11,100,Sternoptychidae,Argyropelecus aculeatus,Yes - visually PEC,NA,Y,10/1/2019,7666,63,NA,NA,8.4712,0.6506,NA,N,Y,Y,Y,NA,Thalacian,NA,NA,NA,1,7,07/08/2020,? no,Y,0.1184,M,F-W-E,Y,NA,NA,"gut white, prey look like pteropods but no shell and too mishapen to really identify",NA
HB1907,3,MWT11,100,Sternoptychidae,Argyropelecus aculeatus,Yes - visually PEC,NA,Y,10/1/2019,7666,63,NA,NA,8.4712,0.6506,NA,N,Y,Y,Y,NA,UnknownSoft,NA,NA,NA,4,7,07/08/2020,? no,Y,0.1184,M,F-W-E,Y,NA,NA,"gut white, prey look like pteropods but no shell and too mishapen to really identify",NA
HB1907,3,MWT11,100,Sternoptychidae,Argyropelecus aculeatus,Yes - visually PEC,NA,Y,10/1/2019,7666,63,NA,NA,8.4712,0.6506,NA,N,Y,Y,Y,NA,Euphausid,NA,NA,NA,1,7,07/08/2020,? no,Y,0.1184,M,F-W-E,Y,NA,NA,"gut white, prey look like pteropods but no shell and too mishapen to really identify",NA
HB1907,3,MWT11,100,Sternoptychidae,Argyropelecus aculeatus,Yes - visually PEC,NA,Y,10/1/2019,7666,63,NA,NA,8.4712,0.6506,NA,N,Y,Y,Y,NA,Appendicularian,NA,NA,NA,1,7,07/08/2020,? no,Y,0.1184,M,F-W-E,Y,NA,NA,"gut white, prey look like pteropods but no shell and too mishapen to really identify",NA
HB1907,3,MWT11,101,Sternoptychidae,Argyropelecus aculeatus,Yes - visually PEC,NA,Y,10/1/2019,7667,54,NA,65,5.8764,NA,NA,N,Y,Y,Y,NA,UnknownSoft,NA,NA,NA,9,18,07/13/2020,? no,Y,NA,F,F-W-E,Y,NA,NA,"foregut black, fades to white, internal label added, lower intestine full, veyr digested",NA
HB1907,3,MWT11,101,Sternoptychidae,Argyropelecus aculeatus,Yes - visually PEC,NA,Y,10/1/2019,7667,54,NA,65,5.8764,NA,NA,N,Y,Y,Y,NA,Cavolinioidea,NA,NA,NA,5,18,07/13/2020,? no,Y,NA,F,F-W-E,Y,NA,NA,"foregut black, fades to white, internal label added, lower intestine full, veyr digested",NA
HB1907,3,MWT11,101,Sternoptychidae,Argyropelecus aculeatus,Yes - visually PEC,NA,Y,10/1/2019,7667,54,NA,65,5.8764,NA,NA,N,Y,Y,Y,NA,Clio_pyramidata,NA,NA,NA,1,18,07/13/2020,? no,Y,NA,F,F-W-E,Y,NA,NA,"foregut black, fades to white, internal label added, lower intestine full, veyr digested",NA
HB1907,3,MWT11,101,Sternoptychidae,Argyropelecus aculeatus,Yes - visually PEC,NA,Y,10/1/2019,7667,54,NA,65,5.8764,NA,NA,N,Y,Y,Y,NA,Appendicularian,NA,NA,NA,1,18,07/13/2020,? no,Y,NA,F,F-W-E,Y,NA,NA,"foregut black, fades to white, internal label added, lower intestine full, veyr digested",NA
HB1907,3,MWT11,101,Sternoptychidae,Argyropelecus aculeatus,Yes - visually PEC,NA,Y,10/1/2019,7667,54,NA,65,5.8764,NA,NA,N,Y,Y,Y,NA,Pteropod,NA,NA,NA,1,18,07/13/2020,? no,Y,NA,F,F-W-E,Y,NA,NA,"foregut black, fades to white, internal label added, lower intestine full, veyr digested",NA
HB1907,3,MWT11,101,Sternoptychidae,Argyropelecus aculeatus,Yes - visually PEC,NA,Y,10/1/2019,7667,54,NA,65,5.8764,NA,NA,N,Y,Y,Y,NA,Decopod,NA,NA,NA,1,18,07/13/2020,? no,Y,NA,F,F-W-E,Y,NA,NA,"foregut black, fades to white, internal label added, lower intestine full, veyr digested",NA
HB1907,2,MWT4,105,Stomiidae,Chauliodus sloani,Yes - visually PEC,NA,Y,10/23/2019,7671,210,NA,NA,34.5519,NA,NA,N,Y,Y,Y,NA,Empty,NA,NA,NA,0,0,07/09/2020,No,Y,NA,F?,F-W-E,Y,"Very mushy stomach, didn't weigh for risk of damage.",NA,"gut white, broken in pieces, empty",NA
HB1907,3,MWT10,109,Nemichthyidae,Nemichthys scolopaceus,Yes - visually PEC,NA,Y,10/23/2019,7675,NA,NA,740,10.3865,NA,NA,N,Y,Y,N,NA,Empty,NA,NA,NA,0,0,07/06/2020,No,N,NA,NA,NA,Y,"No need for Fish MB, 100% of ID (likewise many to follow)",NA,"gut white, v long. not sure if everything in vial is part of gut, 3-4 organs running parallel, 1-2 not hollow, hard to tell stomach from intestine",NA
HB1907,2,MWT6,110,Gonostomatidae,Sigmops elongatus,Yes - visually PEC,NA,Y,10/23/2019,7676,220,NA,NA,46.2312,0.9477,NA,N,Y,Y,Y,NA,Empty,NA,NA,NA,0,0,07/08/2020,?,Y,1.2245,M,F-W-E,Y,NA,NA,"gut black, broken in 2 pieces, 2 parasite cysts found around gut",NA
HB1907,2,MWT4,111,Stomiidae,Chauliodus sloani,Yes - visually PEC,NA,Y,10/23/2019,7677,141,NA,NA,7.8888,0.3343,NA,N,Y,Y,N,NA,Empty,NA,NA,NA,0,0,07/13/2020,No,N,NA,M?,NA,Y,NA,"very thin gonad removed for LL, changed to male?- SG","gut white, large worm parasite cyst",NA
HB1907,3,MWT11,113,Gonostomatidae,Sigmops elongatus,Yes - visually PEC,NA,Y,10/23/2019,7679,229,NA,NA,53.315,2.2751,NA,N,Y,Y,Y,NA,Hyperiidea,NA,NA,NA,1,1,07/08/2020,No,Y,2.0339,M,F-W-E,Y,NA,9 parasite worm cysts and 1 free wprm in /on gut. might be worth looking at other sigmops to check infestation rate,gut black,NA
HB1907,2,MWT3,117,Nemichthyidae,Nemichthys scolopaceus,Yes - visually PEC,NA,Y,11/11/2019,7684-88,NA,NA,800,13.7201,NA,NA,N,Y,Y,Y,NA,Acanthephyra,NA,NA,NA,1,1,07/08/2020,No,Y,NA,F,E,Y,Acanthephyra shrimp intact in stomach (photos). ,"small female gonads in vial with gut, removed into separate vial for LL- SG",gut white,gut ID by PEC?
HB1907,2,MWT3,119,Melamphaidae,Scopelogadus beanii,Yes - visually PEC,NA,Y,11/11/2019,7690,NA,NA,124,23.529,0.4764,NA,N,Y,Y,Y,NA,Hyperiidea,NA,NA,NA,2,2,07/06/2020,NA,Y,0.6573,F,F-W-E,Y,NA,NA,"gut black, eggs from gonad(?) in vial with gut, clearly outside gut. ",NA
HB1907,2,MWT3,123,Melamphaidae,Scopelogadus beanii,Yes - visually PEC,NA,Y,11/11/2019,7696,98,NA,120,23.321,0.7811,NA,N,Y,Y,Y,NA,Pteropod,NA,NA,NA,2,13,07/06/2020,No,Y,0.2499,F,F-W-E,Y,NA,"gonads in gut vial, seperated for Lyndsey",gut white and faintly speckeld,NA
HB1907,2,MWT3,123,Melamphaidae,Scopelogadus beanii,Yes - visually PEC,NA,Y,11/11/2019,7696,98,NA,120,23.321,0.7811,NA,N,Y,Y,Y,NA,CopepodDigested,NA,NA,NA,5,13,07/06/2020,No,Y,0.2499,F,F-W-E,Y,NA,"gonads in gut vial, seperated for Lyndsey",gut white and faintly speckeld,NA
HB1907,2,MWT3,123,Melamphaidae,Scopelogadus beanii,Yes - visually PEC,NA,Y,11/11/2019,7696,98,NA,120,23.321,0.7811,NA,N,Y,Y,Y,NA,Calanus,NA,NA,NA,2,13,07/06/2020,No,Y,0.2499,F,F-W-E,Y,NA,"gonads in gut vial, seperated for Lyndsey",gut white and faintly speckeld,NA
HB1907,2,MWT3,123,Melamphaidae,Scopelogadus beanii,Yes - visually PEC,NA,Y,11/11/2019,7696,98,NA,120,23.321,0.7811,NA,N,Y,Y,Y,NA,Appendicularian,NA,NA,NA,3,13,07/06/2020,No,Y,0.2499,F,F-W-E,Y,NA,"gonads in gut vial, seperated for Lyndsey",gut white and faintly speckeld,NA
HB1907,2,MWT3,123,Melamphaidae,Scopelogadus beanii,Yes - visually PEC,NA,Y,11/11/2019,7696,98,NA,120,23.321,0.7811,NA,N,Y,Y,Y,NA,Ostracod,NA,NA,NA,1,13,07/06/2020,No,Y,0.2499,F,F-W-E,Y,NA,"gonads in gut vial, seperated for Lyndsey",gut white and faintly speckeld,NA
HB1907,2,MWT3,124,Melamphaidae,Scopelogadus beanii,Yes - visually PEC,NA,Y,11/11/2019,7697,120,NA,155,42.224,1.102,NA,N,Y,Y,Y,NA,Appendicularian,NA,NA,NA,2,11,07/09/2020,No,Y,0.7625,F,F-W-E,Y,Nice large gonads.,"material included in vial that was not gut, not hollow. 3 green hard pieces outside by around gut, color and texture of seaglass; internal label added. ",gut speckled,NA
HB1907,2,MWT3,124,Melamphaidae,Scopelogadus beanii,Yes - visually PEC,NA,Y,11/11/2019,7697,120,NA,155,42.224,1.102,NA,N,Y,Y,Y,NA,Calanoid,NA,NA,NA,2,11,07/09/2020,No,Y,0.7625,F,F-W-E,Y,Nice large gonads.,"material included in vial that was not gut, not hollow. 3 green hard pieces outside by around gut, color and texture of seaglass; internal label added. ",gut speckled,NA
HB1907,2,MWT3,124,Melamphaidae,Scopelogadus beanii,Yes - visually PEC,NA,Y,11/11/2019,7697,120,NA,155,42.224,1.102,NA,N,Y,Y,Y,NA,CopepodDigested,NA,NA,NA,1,11,07/09/2020,No,Y,0.7625,F,F-W-E,Y,Nice large gonads.,"material included in vial that was not gut, not hollow. 3 green hard pieces outside by around gut, color and texture of seaglass; internal label added. ",gut speckled,NA
HB1907,2,MWT3,124,Melamphaidae,Scopelogadus beanii,Yes - visually PEC,NA,Y,11/11/2019,7697,120,NA,155,42.224,1.102,NA,N,Y,Y,Y,NA,UnknownSoft,NA,NA,NA,1,11,07/09/2020,No,Y,0.7625,F,F-W-E,Y,Nice large gonads.,"material included in vial that was not gut, not hollow. 3 green hard pieces outside by around gut, color and texture of seaglass; internal label added. ",gut speckled,NA
HB1907,2,MWT3,124,Melamphaidae,Scopelogadus beanii,Yes - visually PEC,NA,Y,11/11/2019,7697,120,NA,155,42.224,1.102,NA,N,Y,Y,Y,NA,Calanus,NA,NA,NA,4,11,07/09/2020,No,Y,0.7625,F,F-W-E,Y,Nice large gonads.,"material included in vial that was not gut, not hollow. 3 green hard pieces outside by around gut, color and texture of seaglass; internal label added. ",gut speckled,NA
HB1907,2,MWT3,124,Melamphaidae,Scopelogadus beanii,Yes - visually PEC,NA,Y,11/11/2019,7697,120,NA,155,42.224,1.102,NA,N,Y,Y,Y,NA,Pteropod,NA,NA,NA,1,11,07/09/2020,No,Y,0.7625,F,F-W-E,Y,Nice large gonads.,"material included in vial that was not gut, not hollow. 3 green hard pieces outside by around gut, color and texture of seaglass; internal label added. ",gut speckled,NA
HB1907,2,MWT3,125,Melamphaidae,Bathylagus euryops,Yes - DNA,Bathylagus euryops,Y,11/11/2019,7698-99,110,NA,NA,21.553,0.8609,NA,N,Y,Y,Y,NA,Thalacian,NA,NA,NA,1,1,07/09/2020,No,Y,0.1265,M,F-W-E,Y,NA,"found material that looked like female gonad, saved for LL, listed as Male, some spp of bathylagidae hermaphoriditic. ?","gut black, in serveral pieces, recureved ""teeth"" on inside of gut added internal label",NA
HB1907,3,MWT9,130,Myctophidae,Hygophum hygomii,Yes - visually PEC,NA,Y,11/19/2019,7704-06,52,NA,63,2.955,0.1934,NA,N,Y,Y,Y,NA,Candacia,NA,NA,NA,6,10,07/13/2020,IA (photo),N,NA,?,NA,Y,"Didn't keep body, used most of the tissue for SIA.",NA,"gut black, a lot of prey in the intestine, maybe otolith in the gut? usually not a piscoverous fish?",NA
HB1907,3,MWT9,130,Myctophidae,Hygophum hygomii,Yes - visually PEC,NA,Y,11/19/2019,7704-06,52,NA,63,2.955,0.1934,NA,N,Y,Y,Y,NA,Ostracod,NA,NA,NA,1,10,07/13/2020,IA (photo),N,NA,?,NA,Y,"Didn't keep body, used most of the tissue for SIA.",NA,"gut black, a lot of prey in the intestine, maybe otolith in the gut? usually not a piscoverous fish?",NA
HB1907,3,MWT9,130,Myctophidae,Hygophum hygomii,Yes - visually PEC,NA,Y,11/19/2019,7704-06,52,NA,63,2.955,0.1934,NA,N,Y,Y,Y,NA,CopepodDigested,NA,NA,NA,3,10,07/13/2020,IA (photo),N,NA,?,NA,Y,"Didn't keep body, used most of the tissue for SIA.",NA,"gut black, a lot of prey in the intestine, maybe otolith in the gut? usually not a piscoverous fish?",NA
HB1907,3,MWT9,134,Myctophidae,Hygophum hygomii,Yes - visually PEC,NA,Y,11/19/2019,7712-14,44,NA,NA,1.6216,0.1359,NA,N,Y,Y,N,NA,Calanoid,NA,NA,NA,7,12,07/13/2020,IA,N,NA,?,NA,Y,NA,NA,gut black,NA
HB1907,3,MWT9,134,Myctophidae,Hygophum hygomii,Yes - visually PEC,NA,Y,11/19/2019,7712-14,44,NA,NA,1.6216,0.1359,NA,N,Y,Y,N,NA,Candacia,NA,NA,NA,1,12,07/13/2020,IA,N,NA,?,NA,Y,NA,NA,gut black,NA
HB1907,3,MWT9,134,Myctophidae,Hygophum hygomii,Yes - visually PEC,NA,Y,11/19/2019,7712-14,44,NA,NA,1.6216,0.1359,NA,N,Y,Y,N,NA,Calanus,NA,NA,NA,1,12,07/13/2020,IA,N,NA,?,NA,Y,NA,NA,gut black,NA
HB1907,3,MWT9,134,Myctophidae,Hygophum hygomii,Yes - visually PEC,NA,Y,11/19/2019,7712-14,44,NA,NA,1.6216,0.1359,NA,N,Y,Y,N,NA,CopepodDigested,NA,NA,NA,3,12,07/13/2020,IA,N,NA,?,NA,Y,NA,NA,gut black,NA
HB1907,3,MWT9,135,Myctophidae,Hygophum hygomii,Yes - visually PEC,NA,Y,11/19/2019,7715-16,51,NA,NA,2.4451,0.164,NA,N,Y,Y,Y,NA,Candacia,NA,NA,NA,5,7,07/06/2020,IA,N,NA,NA,NA,Y,NA,gonad in vial for Lyndsey,"gut black, very digested copepods",NA
HB1907,3,MWT9,135,Myctophidae,Hygophum hygomii,Yes - visually PEC,NA,Y,11/19/2019,7715-16,51,NA,NA,2.4451,0.164,NA,N,Y,Y,Y,NA,CopepodDigested,NA,NA,NA,2,7,07/06/2020,IA,N,NA,NA,NA,Y,NA,gonad in vial for Lyndsey,"gut black, very digested copepods",NA
HB1907,2,MWT3,141,Myctophidae,Hygophum hygomii,Yes - visually PEC,NA,Y,11/19/2019,7722,49,NA,NA,2.1309,0.126,NA,N,Y,Y,N,NA,Pleuromamma,NA,NA,NA,1,7,07/13/2020,N,N,NA,M,NA,Y,NA,NA,"gut black, internal label added",NA
HB1907,2,MWT3,141,Myctophidae,Hygophum hygomii,Yes - visually PEC,NA,Y,11/19/2019,7722,49,NA,NA,2.1309,0.126,NA,N,Y,Y,N,NA,CopepodDigested,NA,NA,NA,3,7,07/13/2020,N,N,NA,M,NA,Y,NA,NA,"gut black, internal label added",NA
HB1907,2,MWT3,141,Myctophidae,Hygophum hygomii,Yes - visually PEC,NA,Y,11/19/2019,7722,49,NA,NA,2.1309,0.126,NA,N,Y,Y,N,NA,Calanoid,NA,NA,NA,3,7,07/13/2020,N,N,NA,M,NA,Y,NA,NA,"gut black, internal label added",NA
HB1907,2,MWT3,143,Myctophidae,Hygophum hygomii,Yes - visually PEC,NA,Y,11/19/2019,7724-25,45,NA,NA,1.673,NA,NA,N,Y,Y,N,NA,AmphipodDigested,NA,NA,NA,1,23,07/06/2020,N,N,NA,?,NA,Y,"Didn't keep body, used most of the tissue for SIA.",NA,gut black,NA
HB1907,2,MWT3,143,Myctophidae,Hygophum hygomii,Yes - visually PEC,NA,Y,11/19/2019,7724-25,45,NA,NA,1.673,NA,NA,N,Y,Y,N,NA,Calanoid,NA,NA,NA,3,23,07/06/2020,N,N,NA,?,NA,Y,"Didn't keep body, used most of the tissue for SIA.",NA,gut black,NA
HB1907,2,MWT3,143,Myctophidae,Hygophum hygomii,Yes - visually PEC,NA,Y,11/19/2019,7724-25,45,NA,NA,1.673,NA,NA,N,Y,Y,N,NA,CopepodDigested,NA,NA,NA,13,23,07/06/2020,N,N,NA,?,NA,Y,"Didn't keep body, used most of the tissue for SIA.",NA,gut black,NA
HB1907,2,MWT3,143,Myctophidae,Hygophum hygomii,Yes - visually PEC,NA,Y,11/19/2019,7724-25,45,NA,NA,1.673,NA,NA,N,Y,Y,N,NA,Calanus,NA,NA,NA,3,23,07/06/2020,N,N,NA,?,NA,Y,"Didn't keep body, used most of the tissue for SIA.",NA,gut black,NA
HB1907,2,MWT3,143,Myctophidae,Hygophum hygomii,Yes - visually PEC,NA,Y,11/19/2019,7724-25,45,NA,NA,1.673,NA,NA,N,Y,Y,N,NA,Candacia,NA,NA,NA,2,23,07/06/2020,N,N,NA,?,NA,Y,"Didn't keep body, used most of the tissue for SIA.",NA,gut black,NA
HB1907,2,MWT3,143,Myctophidae,Hygophum hygomii,Yes - visually PEC,NA,Y,11/19/2019,7724-25,45,NA,NA,1.673,NA,NA,N,Y,Y,N,NA,Hyperiidea,NA,NA,NA,1,23,07/06/2020,N,N,NA,?,NA,Y,"Didn't keep body, used most of the tissue for SIA.",NA,gut black,NA
HB1907,2,MWT3,144,Myctophidae,Hygophum hygomii,Yes - visually PEC,NA,Y,11/19/2019,7726-27,48,NA,NA,2.007,NA,NA,N,Y,Y,N,NA,UnknownSoft,NA,NA,NA,1,18,07/06/2020,N,N,NA,M,NA,Y,NA,NA,"gut black, internal label mised, added to vial.",NA
HB1907,2,MWT3,144,Myctophidae,Hygophum hygomii,Yes - visually PEC,NA,Y,11/19/2019,7726-27,48,NA,NA,2.007,NA,NA,N,Y,Y,N,NA,Calanoid,NA,NA,NA,6,18,07/06/2020,N,N,NA,M,NA,Y,NA,NA,"gut black, internal label mised, added to vial.",NA
HB1907,2,MWT3,144,Myctophidae,Hygophum hygomii,Yes - visually PEC,NA,Y,11/19/2019,7726-27,48,NA,NA,2.007,NA,NA,N,Y,Y,N,NA,CopepodDigested,NA,NA,NA,10,18,07/06/2020,N,N,NA,M,NA,Y,NA,NA,"gut black, internal label mised, added to vial.",NA
HB1907,2,MWT3,144,Myctophidae,Hygophum hygomii,Yes - visually PEC,NA,Y,11/19/2019,7726-27,48,NA,NA,2.007,NA,NA,N,Y,Y,N,NA,Temora_stylifera,NA,NA,NA,1,18,07/06/2020,N,N,NA,M,NA,Y,NA,NA,"gut black, internal label mised, added to vial.",NA
HB1907,2,MWT6,162,Stomiidae,Chauliodus sloani,Yes - visually PEC,NA,Y,6/9/2020,7921-22,124,NA,NA,5.1,0.16,NA,N,Y,Y,N,NA,Empty,NA,NA,NA,0,0,06/25/2020,NA,Y,NA,F,NA,Y,Didn't seem like much in stomach that wasn't digested but kept anyway. Lots of eggs. Didn't keep body.,NA,gut white/clear,NA
HB1907,2,MWT6,167,Gonostomatidae,Sigmops elongatus,Yes - visually PEC,NA,Y,6/9/2020,7928,188,NA,NA,30.24,NA,NA,N,N,Y,N,NA,CopepodDigested,NA,NA,NA,1,2,06/26/2020,NA,N,NA,?,NA,Y,NA,NA,gut black,NA
HB1907,2,MWT6,167,Gonostomatidae,Sigmops elongatus,Yes - visually PEC,NA,Y,6/9/2020,7928,188,NA,NA,30.24,NA,NA,N,N,Y,N,NA,UnknownSoft,NA,NA,NA,1,2,06/26/2020,NA,N,NA,?,NA,Y,NA,NA,gut black,NA
HB1907,2,MWT6,168,Serrivomeridae,Serrivomer beanii,Yes - visually PEC,NA,Y,6/9/2020,7930,NA,NA,319,3.62,~0.1,NA,N,Y,Y,N,NA,Empty,NA,NA,NA,0,0,06/29/2020,NA,N,NA,?,NA,Y,"I think a lot of fatty tissue in cavity (images 7934-35). Kept some tissue for barcoding if reqd, in with head. Quite an obvious extendable mouth/anterior stomach!",NA,"black gut, empty",NA
HB1907,2,MWT6,169,Serrivomeridae,Serrivomer beanii,Yes - visually PEC,NA,Y,6/9/2020,7931,NA,NA,347,4.26,~0.1,NA,N,Y,N,N,NA,Empty,NA,NA,NA,0,0,06/25/2020,NA,N,NA,?,NA,Y,"I think a lot of fatty tissue in cavity (images 7934-35). Kept some tissue for barcoding if reqd, in with head. Quite an obvious extendable mouth/anterior stomach!",NA,"gut black, long",NA
HB1907,2,MWT6,171,Gonostomatidae,Sigmops elongatus,Yes - visually PEC,NA,Y,6/9/2020,7936,108,NA,NA,4.27,0.14,NA,N,Y,Y,Y,NA,Hyperiidea,NA,NA,NA,1,2,07/01/2020,NA,Y,~0.15,?,NA,Y,Didn't keep body.,NA,"but black, vial orange; from prey. hyperiid obvious, but number not clear, too digested. but bust open invial. 1 worm parasite inside gut i thinnk but can't be sure due to  gut being open. ",NA
HB1907,2,MWT6,171,Gonostomatidae,Sigmops elongatus,Yes - visually PEC,NA,Y,6/9/2020,7936,108,NA,NA,4.27,0.14,NA,N,Y,Y,Y,NA,Calanoid,NA,NA,NA,1,2,07/01/2020,NA,Y,~0.15,?,NA,Y,Didn't keep body.,NA,"but black, vial orange; from prey. hyperiid obvious, but number not clear, too digested. but bust open invial. 1 worm parasite inside gut i thinnk but can't be sure due to  gut being open. ",NA
HB1907,2,MWT6,173,Sternoptychidae,Argyropelecus aculeatus,Yes - visually PEC,NA,Y,6/9/2020,7938,38,NA,NA,2.1,0.3,NA,N,Y,Y,N,NA,Calanoid,NA,NA,NA,2,13,06/29/2020,NA,Y,~0.1,imm,NA,Y,"I realize small fish, but kept gonads and gut anyway.",NA,"gut full, black at 1st sphincter, but speckles to white quickly",NA
HB1907,2,MWT6,173,Sternoptychidae,Argyropelecus aculeatus,Yes - visually PEC,NA,Y,6/9/2020,7938,38,NA,NA,2.1,0.3,NA,N,Y,Y,N,NA,CopepodDigested,NA,NA,NA,2,13,06/29/2020,NA,Y,~0.1,imm,NA,Y,"I realize small fish, but kept gonads and gut anyway.",NA,"gut full, black at 1st sphincter, but speckles to white quickly",NA
HB1907,2,MWT6,173,Sternoptychidae,Argyropelecus aculeatus,Yes - visually PEC,NA,Y,6/9/2020,7938,38,NA,NA,2.1,0.3,NA,N,Y,Y,N,NA,Euphausidacea,NA,NA,NA,1,13,06/29/2020,NA,Y,~0.1,imm,NA,Y,"I realize small fish, but kept gonads and gut anyway.",NA,"gut full, black at 1st sphincter, but speckles to white quickly",NA
HB1907,2,MWT6,173,Sternoptychidae,Argyropelecus aculeatus,Yes - visually PEC,NA,Y,6/9/2020,7938,38,NA,NA,2.1,0.3,NA,N,Y,Y,N,NA,Pteropod,NA,NA,NA,5,13,06/29/2020,NA,Y,~0.1,imm,NA,Y,"I realize small fish, but kept gonads and gut anyway.",NA,"gut full, black at 1st sphincter, but speckles to white quickly",NA
HB1907,2,MWT6,173,Sternoptychidae,Argyropelecus aculeatus,Yes - visually PEC,NA,Y,6/9/2020,7938,38,NA,NA,2.1,0.3,NA,N,Y,Y,N,NA,Hyperiidea,NA,NA,NA,3,13,06/29/2020,NA,Y,~0.1,imm,NA,Y,"I realize small fish, but kept gonads and gut anyway.",NA,"gut full, black at 1st sphincter, but speckles to white quickly",NA
HB1907,2,MWT6,174,Sternoptychidae,Argyropelecus aculeatus,Yes - visually PEC,NA,Y,6/9/2020,7939,48,NA,59,3.93,0.4,NA,N,Y,Y,N,NA,CopepodDigested,NA,NA,NA,4,23,06/29/2020,NA,Y,~0.15,NA,NA,Y,NA,NA,"gut black at 1st sphincter, then quickly speckles to white/clear. gut full of pteropods with different shell shapes represented ",NA
HB1907,2,MWT6,174,Sternoptychidae,Argyropelecus aculeatus,Yes - visually PEC,NA,Y,6/9/2020,7939,48,NA,59,3.93,0.4,NA,N,Y,Y,N,NA,Ostracod,NA,NA,NA,2,23,06/29/2020,NA,Y,~0.15,NA,NA,Y,NA,NA,"gut black at 1st sphincter, then quickly speckles to white/clear. gut full of pteropods with different shell shapes represented ",NA
HB1907,2,MWT6,174,Sternoptychidae,Argyropelecus aculeatus,Yes - visually PEC,NA,Y,6/9/2020,7939,48,NA,59,3.93,0.4,NA,N,Y,Y,N,NA,Pteropod,NA,NA,NA,11,23,06/29/2020,NA,Y,~0.15,NA,NA,Y,NA,NA,"gut black at 1st sphincter, then quickly speckles to white/clear. gut full of pteropods with different shell shapes represented ",NA
HB1907,2,MWT6,174,Sternoptychidae,Argyropelecus aculeatus,Yes - visually PEC,NA,Y,6/9/2020,7939,48,NA,59,3.93,0.4,NA,N,Y,Y,N,NA,Hyperiidea,NA,NA,NA,6,23,06/29/2020,NA,Y,~0.15,NA,NA,Y,NA,NA,"gut black at 1st sphincter, then quickly speckles to white/clear. gut full of pteropods with different shell shapes represented ",NA
HB1907,2,MWT6,175,Sternoptychidae,Argyropelecus aculeatus,Yes - visually PEC,NA,Y,6/9/2020,7940,49,NA,61,3.9,0.44,NA,N,Y,Y,N,NA,Cavolinioidea,NA,NA,NA,2,15,06/26/2020,NA,Y,~0.15,NA,NA,Y,NA,"but black at neck opening, but pigment diminished quickly, majority of gut not black",NA,"pteropod, Cavoliniodea, Clio pyramidata likely"
HB1907,2,MWT6,175,Sternoptychidae,Argyropelecus aculeatus,Yes - visually PEC,NA,Y,6/9/2020,7940,49,NA,61,3.9,0.44,NA,N,Y,Y,N,NA,Thalacea,NA,NA,NA,1,15,06/26/2020,NA,Y,~0.15,NA,NA,Y,NA,"but black at neck opening, but pigment diminished quickly, majority of gut not black",NA,NA
HB1907,2,MWT6,175,Sternoptychidae,Argyropelecus aculeatus,Yes - visually PEC,NA,Y,6/9/2020,7940,49,NA,61,3.9,0.44,NA,N,Y,Y,N,NA,Thalacea,5.8,0.8,7.25,NA,15,06/26/2020,NA,Y,~0.15,NA,NA,Y,NA,"but black at neck opening, but pigment diminished quickly, majority of gut not black",NA,salp test
HB1907,2,MWT6,175,Sternoptychidae,Argyropelecus aculeatus,Yes - visually PEC,NA,Y,6/9/2020,7940,49,NA,61,3.9,0.44,NA,N,Y,Y,N,NA,Hyperiidea,NA,NA,NA,5,15,06/26/2020,NA,Y,~0.15,NA,NA,Y,NA,"but black at neck opening, but pigment diminished quickly, majority of gut not black",NA,NA
HB1907,2,MWT6,175,Sternoptychidae,Argyropelecus aculeatus,Yes - visually PEC,NA,Y,6/9/2020,7940,49,NA,61,3.9,0.44,NA,N,Y,Y,N,NA,UnknownSoft,NA,NA,NA,3,15,06/26/2020,NA,Y,~0.15,NA,NA,Y,NA,"but black at neck opening, but pigment diminished quickly, majority of gut not black",NA,NA
HB1907,2,MWT6,175,Sternoptychidae,Argyropelecus aculeatus,Yes - visually PEC,NA,Y,6/9/2020,7940,49,NA,61,3.9,0.44,NA,N,Y,Y,N,NA,Calanus,NA,NA,NA,1,15,06/26/2020,NA,Y,~0.15,NA,NA,Y,NA,"but black at neck opening, but pigment diminished quickly, majority of gut not black",NA,NA
HB1907,2,MWT6,175,Sternoptychidae,Argyropelecus aculeatus,Yes - visually PEC,NA,Y,6/9/2020,7940,49,NA,61,3.9,0.44,NA,N,Y,Y,N,NA,Ostracod,NA,NA,NA,1,15,06/26/2020,NA,Y,~0.15,NA,NA,Y,NA,"but black at neck opening, but pigment diminished quickly, majority of gut not black",NA,NA
HB1907,2,MWT6,175,Sternoptychidae,Argyropelecus aculeatus,Yes - visually PEC,NA,Y,6/9/2020,7940,49,NA,61,3.9,0.44,NA,N,Y,Y,N,NA,Euphausidacea,NA,NA,NA,2,15,06/26/2020,NA,Y,~0.15,NA,NA,Y,NA,"but black at neck opening, but pigment diminished quickly, majority of gut not black",NA,NA
HB1907,2,MWT4,177,Stomiidae,Chauliodus sloani,Yes - visually PEC,NA,Y,6/11/2020,7942,138,NA,55,6.73,0.21,NA,N,Y,Y,N,NA,Empty,NA,NA,NA,0,0,06/26/2020,NA,Y,0.17,NA,NA,Y,Hard to separate fatty tissue from gonads. Body with head. Gut looked empty.,NA,"a lot of fatty tissue around gut, gut white clear",NA
HB1907,2,MWT4,178,Stomiidae,Chauliodus sloani,Yes - visually PEC,NA,Y,6/11/2020,7943,155,NA,NA,8.14,0.12,NA,N,Y,Y,N,NA,Empty,NA,NA,NA,0,0,06/26/2020,NA,Y,0.21,NA,NA,Y,"One gonad more developed, black stuff in gonad vial is skin which was hard to separate. Gut looked empty.",NA,gut clear/white,NA
HB1907,3,MOC8_1,204,Serrivomeridae,Serrivomer beanii,Yes - visually PEC,NA,Y,6/11/2020,7970,NA,NA,415,14.89,0.53,NA,N,N,Y,N,NA,Ostracod,NA,NA,NA,1,17,06/26/2020,No,N,NA,NA,NA,Y,Couldn't see obvious gonads.,specked gonad (?) in jar for LL. ,"all contents in front of gut, nothing in hindgut. gut black, large. fish scales in but, but unsure if they're from dissection or prey",NA
HB1907,3,MOC8_1,204,Serrivomeridae,Serrivomer beanii,Yes - visually PEC,NA,Y,6/11/2020,7970,NA,NA,415,14.89,0.53,NA,N,N,Y,N,NA,Calanoid,NA,NA,NA,15,17,06/26/2020,No,N,NA,NA,NA,Y,Couldn't see obvious gonads.,specked gonad (?) in jar for LL. ,"all contents in front of gut, nothing in hindgut. gut black, large. fish scales in but, but unsure if they're from dissection or prey",NA
HB1907,3,MOC8_1,204,Serrivomeridae,Serrivomer beanii,Yes - visually PEC,NA,Y,6/11/2020,7970,NA,NA,415,14.89,0.53,NA,N,N,Y,N,NA,Cyclopoid,NA,NA,NA,1,17,06/26/2020,No,N,NA,NA,NA,Y,Couldn't see obvious gonads.,specked gonad (?) in jar for LL. ,"all contents in front of gut, nothing in hindgut. gut black, large. fish scales in but, but unsure if they're from dissection or prey",NA
HB1907,2,MWT6,242,Stomiidae,Malacosteus niger,Yes - visually PEC,NA,Y,6/11/2020,8012,87,NA,91,4.13,0.12,NA,N,Y,Y,Y,NA,Euphausidacea,NA,NA,NA,1,2,06/29/2020,NA,Y,0.1,NA,NA,Y,"One gonad more developed, extends into tail. Body with head.",NA,gut black,NA
HB1907,2,MWT6,242,Stomiidae,Malacosteus niger,Yes - visually PEC,NA,Y,6/11/2020,8012,87,NA,91,4.13,0.12,NA,N,Y,Y,Y,NA,Paraeuchaeta,NA,NA,NA,1,2,06/29/2020,NA,Y,0.1,NA,NA,Y,"One gonad more developed, extends into tail. Body with head.",NA,gut black,Calanoid
HB1907,3,MWT9,267,Myctophidae,Hygophum hygomii,Yes - visually PEC,NA,Y,6/15/2020,8054,49,NA,56,2.19,0.15,NA,N,Y,Y,N,NA,Calanoid,NA,NA,NA,1,11,06/29/2020,NA,N,NA,NA,NA,Y,"Nothing much to the gonads, didn't keep gonads or body.",NA,gut black,NA
HB1907,3,MWT9,267,Myctophidae,Hygophum hygomii,Yes - visually PEC,NA,Y,6/15/2020,8054,49,NA,56,2.19,0.15,NA,N,Y,Y,N,NA,CopepodDigested,NA,NA,NA,4,11,06/29/2020,NA,N,NA,NA,NA,Y,"Nothing much to the gonads, didn't keep gonads or body.",NA,gut black,NA
HB1907,3,MWT9,267,Myctophidae,Hygophum hygomii,Yes - visually PEC,NA,Y,6/15/2020,8054,49,NA,56,2.19,0.15,NA,N,Y,Y,N,NA,Pleuromamma,NA,NA,NA,1,11,06/29/2020,NA,N,NA,NA,NA,Y,"Nothing much to the gonads, didn't keep gonads or body.",NA,gut black,NA
HB1907,3,MWT9,267,Myctophidae,Hygophum hygomii,Yes - visually PEC,NA,Y,6/15/2020,8054,49,NA,56,2.19,0.15,NA,N,Y,Y,N,NA,Candacia,NA,NA,NA,4,11,06/29/2020,NA,N,NA,NA,NA,Y,"Nothing much to the gonads, didn't keep gonads or body.",NA,gut black,NA
HB1907,3,MWT9,267,Myctophidae,Hygophum hygomii,Yes - visually PEC,NA,Y,6/15/2020,8054,49,NA,56,2.19,0.15,NA,N,Y,Y,N,NA,Cyclopoid,NA,NA,NA,1,11,06/29/2020,NA,N,NA,NA,NA,Y,"Nothing much to the gonads, didn't keep gonads or body.",NA,gut black,NA
HB1907,3,MWT9,268,Myctophidae,Hygophum hygomii,Yes - visually PEC,NA,Y,6/15/2020,855-56,50,NA,58,2.06,0.2,NA,N,Y,Y,N,NA,Osteichthyes,NA,NA,NA,1,37,06/29/2020,NA,N,NA,NA,NA,Y,NA,NA,"gut black, non-organic matter in foregut, green/blue/orange; red tissue(?) in vial. previous vial also had red material, lab contaminant?",NA
HB1907,3,MWT9,268,Myctophidae,Hygophum hygomii,Yes - visually PEC,NA,Y,6/15/2020,855-56,50,NA,58,2.06,0.2,NA,N,Y,Y,N,NA,Calanoid,NA,NA,NA,13,37,06/29/2020,NA,N,NA,NA,NA,Y,NA,NA,"gut black, non-organic matter in foregut, green/blue/orange; red tissue(?) in vial. previous vial also had red material, lab contaminant?",NA
HB1907,3,MWT9,268,Myctophidae,Hygophum hygomii,Yes - visually PEC,NA,Y,6/15/2020,855-56,50,NA,58,2.06,0.2,NA,N,Y,Y,N,NA,Candacia,NA,NA,NA,6,37,06/29/2020,NA,N,NA,NA,NA,Y,NA,NA,"gut black, non-organic matter in foregut, green/blue/orange; red tissue(?) in vial. previous vial also had red material, lab contaminant?",NA
HB1907,3,MWT9,268,Myctophidae,Hygophum hygomii,Yes - visually PEC,NA,Y,6/15/2020,855-56,50,NA,58,2.06,0.2,NA,N,Y,Y,N,NA,Pleuromamma,NA,NA,NA,1,37,06/29/2020,NA,N,NA,NA,NA,Y,NA,NA,"gut black, non-organic matter in foregut, green/blue/orange; red tissue(?) in vial. previous vial also had red material, lab contaminant?",NA
HB1907,3,MWT9,268,Myctophidae,Hygophum hygomii,Yes - visually PEC,NA,Y,6/15/2020,855-56,50,NA,58,2.06,0.2,NA,N,Y,Y,N,NA,Calanus,NA,NA,NA,2,37,06/29/2020,NA,N,NA,NA,NA,Y,NA,NA,"gut black, non-organic matter in foregut, green/blue/orange; red tissue(?) in vial. previous vial also had red material, lab contaminant?",NA
HB1907,3,MWT9,268,Myctophidae,Hygophum hygomii,Yes - visually PEC,NA,Y,6/15/2020,855-56,50,NA,58,2.06,0.2,NA,N,Y,Y,N,NA,Aetidae,NA,NA,NA,4,37,06/29/2020,NA,N,NA,NA,NA,Y,NA,NA,"gut black, non-organic matter in foregut, green/blue/orange; red tissue(?) in vial. previous vial also had red material, lab contaminant?",NA
HB1907,3,MWT9,268,Myctophidae,Hygophum hygomii,Yes - visually PEC,NA,Y,6/15/2020,855-56,50,NA,58,2.06,0.2,NA,N,Y,Y,N,NA,CopepodDigested,NA,NA,NA,8,37,06/29/2020,NA,N,NA,NA,NA,Y,NA,NA,"gut black, non-organic matter in foregut, green/blue/orange; red tissue(?) in vial. previous vial also had red material, lab contaminant?",NA
HB1907,3,MWT9,268,Myctophidae,Hygophum hygomii,Yes - visually PEC,NA,Y,6/15/2020,855-56,50,NA,58,2.06,0.2,NA,N,Y,Y,N,NA,Cyclopoid,NA,NA,NA,1,37,06/29/2020,NA,N,NA,NA,NA,Y,NA,NA,"gut black, non-organic matter in foregut, green/blue/orange; red tissue(?) in vial. previous vial also had red material, lab contaminant?",NA
HB1907,3,MWT9,268,Myctophidae,Hygophum hygomii,Yes - visually PEC,NA,Y,6/15/2020,855-56,50,NA,58,2.06,0.2,NA,N,Y,Y,N,NA,Euphausidacea,NA,NA,NA,1,37,06/29/2020,NA,N,NA,NA,NA,Y,NA,NA,"gut black, non-organic matter in foregut, green/blue/orange; red tissue(?) in vial. previous vial also had red material, lab contaminant?",NA
HB1907,2,MWT3,290,Serrivomeridae,Serrivomer beanii,Yes - visually PEC,NA,Y,6/15/2020,8086-87,NA,NA,515,28.73,0.51,NA,N,Y,Y,Y,NA,Empty,NA,NA,NA,0,0,07/01/2020,NA,Y,0.36,NA,NA,Y,Not sure I got all the gonads.,NA,Gut black and in several pieces in jar. ,NA
HB1907,2,MWT5,291,Stomiidae,Chauliodus sloani,Yes - visually PEC,NA,Y,6/15/2020,8088,166,NA,NA,9.86,0.22,NA,N,Y,Y,N,NA,Empty,NA,NA,NA,0,0,07/01/2020,NA,Y,0.22,NA,NA,Y,Didn't keep body. Didn't look like much in gut.,NA,Gut white/clear,NA
HB1907,2,MWT1,350,Bathylagidae,Bathylagichthys greyae,Yes - visually PEC,NA,Y,6/16/2020,8126,121,NA,NA,18.57,0.6,NA,N,Y,N,Y,NA,UnknownSoft,NA,NA,NA,11,14,06/26/2020,NA,Y,0.34,F,E,Y,Dorsal rays 12,NA,"gut black with rearfacing ""teeth"" shaped lobes on inside of gut, see hardcopy for drawing.",NA
HB1907,2,MWT1,350,Bathylagidae,Bathylagichthys greyae,Yes - visually PEC,NA,Y,6/16/2020,8126,121,NA,NA,18.57,0.6,NA,N,Y,N,Y,NA,Chaetognatha,NA,NA,NA,1,14,06/26/2020,NA,Y,0.34,F,E,Y,Dorsal rays 12,NA,"gut black with rearfacing ""teeth"" shaped lobes on inside of gut, see hardcopy for drawing.",NA
HB1907,2,MWT1,350,Bathylagidae,Bathylagichthys greyae,Yes - visually PEC,NA,Y,6/16/2020,8126,121,NA,NA,18.57,0.6,NA,N,Y,N,Y,NA,Pleuromamma,NA,NA,NA,2,14,06/26/2020,NA,Y,0.34,F,E,Y,Dorsal rays 12,NA,"gut black with rearfacing ""teeth"" shaped lobes on inside of gut, see hardcopy for drawing.",NA
HB1907,2,MWT1,360,Myctophidae,Ceratoscopelus warmingii,Yes - visually PEC,NA,Y,6/16/2020,8139-8142,67,NA,83,4.01,0.26,NA,N,Y,Y,Y,NA,Ostracod,NA,NA,NA,1,7,06/25/2020,NA,Y,0.16,NA,NA,Y,"Counted 14 gill rakers, plus luminous scales, confident on ID.",NA,"A lot of highly digested material, unable to identify parts, gut black",NA
HB1907,2,MWT1,360,Myctophidae,Ceratoscopelus warmingii,Yes - visually PEC,NA,Y,6/16/2020,8139-8142,67,NA,83,4.01,0.26,NA,N,Y,Y,Y,NA,Hyperiidea,NA,NA,NA,3,7,06/25/2020,NA,Y,0.16,NA,NA,Y,"Counted 14 gill rakers, plus luminous scales, confident on ID.",NA,"A lot of highly digested material, unable to identify parts, gut black",NA
HB1907,2,MWT1,360,Myctophidae,Ceratoscopelus warmingii,Yes - visually PEC,NA,Y,6/16/2020,8139-8142,67,NA,83,4.01,0.26,NA,N,Y,Y,Y,NA,Euphausidacea,NA,NA,NA,1,7,06/25/2020,NA,Y,0.16,NA,NA,Y,"Counted 14 gill rakers, plus luminous scales, confident on ID.",NA,"A lot of highly digested material, unable to identify parts, gut black",NA
HB1907,2,MWT1,360,Myctophidae,Ceratoscopelus warmingii,Yes - visually PEC,NA,Y,6/16/2020,8139-8142,67,NA,83,4.01,0.26,NA,N,Y,Y,Y,NA,UnknownSoft,NA,NA,NA,2,7,06/25/2020,NA,Y,0.16,NA,NA,Y,"Counted 14 gill rakers, plus luminous scales, confident on ID.",NA,"A lot of highly digested material, unable to identify parts, gut black",NA
HB1907,3,MWT9,387,Gonostomatidae,Sigmops elongatus,Yes - visually PEC,NA,Y,6/16/2020,8169,176,NA,NA,19.08,0.46,NA,N,Y,Y,N,NA,UnknownSoft,NA,NA,NA,1,1,06/25/2020,NA,Y,0.16,NA,NA,Y,NA,worm parasite found on outside of gut,"gut black, very fatty/oily",NA
HB1907,2,MWT3,388,Serrivomeridae,Serrivomer beanii,Yes - visually PEC,NA,Y,6/16/2020,8170,NA,NA,372,7.54,0.17,NA,N,Y,Y,N,NA,Empty,NA,NA,NA,0,0,06/29/2020,NA,Y,0.01,NA,NA,N,NA,NA,"gut black, empty",NA
